target,model,r2,rmse,mae,error_rate,test_rows,test_stations,train_rows,train_stations,persistence_pairs,persistence_median_gap_days,persistence_r2,model_r2_paired,model_minus_persistence,target_transform,log_offset,smearing_factor,cv_mae_raw_fit,cv_mae_log_fit,r2_log,persistence_r2_log,model_r2_paired_log,model_minus_persistence_log
Water Temperature,Linear Regression,0.8947,2.8596,2.2369,30.85,6092,200,28613,799,5892,27.0,0.6403,0.8987,0.2583,none,,,,,,,,
Dissolved Oxygen,Linear Regression,0.3877,2.102,1.518,17.56,6640,182,25185,727,6458,20.0,0.3249,0.4019,0.077,none,,,1.616431,1.63221,,,,
pH,Linear Regression,0.1707,0.577,0.4346,5.52,5673,222,26680,885,5451,28.0,-0.0605,0.1768,0.2372,none,,,0.444785,0.449309,,,,
Nitrate,Linear Regression,0.1719,5.2115,3.2675,111.47,2719,56,9628,222,2663,15.0,0.3984,0.1736,-0.2248,none,,,,,,,,
Nitrite,Linear Regression,-0.0033,0.1227,0.0382,178.89,2271,46,9340,183,2225,15.0,-0.6899,-0.0041,0.6858,none,,,,,,,,
Nitrate + Nitrite,Linear Regression,0.2176,3.9983,2.9153,79.01,1045,74,3614,293,971,33.0,0.1896,0.2058,0.0162,none,,,3.005689,4.181292,,,,
Total Phosphorus,Linear Regression,0.0228,0.4714,0.1958,66.7,1294,91,4592,362,1203,33.0,0.3191,0.0129,-0.3062,none,,,0.181086,0.184303,,,,
Specific Conductance,Linear Regression,0.2195,179.4197,98.296,18.36,4617,97,11450,386,4520,1.0,0.8559,0.2261,-0.6298,none,,,117.997367,125.952834,,,,
Total Dissolved Solids,Linear Regression,0.4211,95.6835,76.4187,24.51,3902,117,14109,465,3785,28.0,0.8107,0.4206,-0.3901,none,,,82.34628,83.29954,,,,
Total Suspended Solids,Linear Regression,-0.0255,211.2197,68.1379,102.52,2435,111,12088,442,2324,31.0,-0.9931,-0.0594,0.9337,log10,0.196,2.62149,102.975353,90.387389,0.1509,0.1046,0.1594,0.0549
Turbidity,Linear Regression,-0.0145,88.2005,30.2246,91.06,3581,169,17575,675,3412,29.0,-0.7883,-0.0107,0.7775,log10,0.14,2.283006,41.551731,37.592686,0.0618,0.0553,0.0732,0.0179
E. coli,Linear Regression,0.0254,9955.7669,1902.903,121.73,3831,87,12066,347,3744,27.0,-0.7406,0.0252,0.7658,log10,1.5,5.19212,2818.618353,2211.357207,0.2043,-0.1638,0.2046,0.3684
WQI,Linear Regression,0.0763,16.4872,13.6658,33.18,4622,189,22676,754,4433,27.0,0.1718,0.0809,-0.0909,none,,,13.249312,13.442149,,,,
Water Temperature,Random Forest,0.9377,2.1995,1.6476,22.52,6092,200,28613,799,5892,27.0,0.6403,0.9401,0.2998,none,,,,,,,,
Dissolved Oxygen,Random Forest,0.4765,1.9437,1.3224,15.74,6640,182,25185,727,6458,20.0,0.3249,0.4872,0.1623,none,,,1.442821,1.473243,,,,
pH,Random Forest,0.3751,0.5008,0.3613,4.59,5673,222,26680,885,5451,28.0,-0.0605,0.3798,0.4403,none,,,0.386226,0.385832,,,,
Nitrate,Random Forest,0.4545,4.2298,2.5346,102.69,2719,56,9628,222,2663,15.0,0.3984,0.4543,0.0559,none,,,,,,,,
Nitrite,Random Forest,0.011,0.1218,0.0395,177.77,2271,46,9340,183,2225,15.0,-0.6899,0.0111,0.701,none,,,,,,,,
Nitrate + Nitrite,Random Forest,0.4421,3.3763,2.3818,68.13,1045,74,3614,293,971,33.0,0.1896,0.4056,0.2161,none,,,2.420509,2.365907,,,,
Total Phosphorus,Random Forest,0.0007,0.4767,0.1765,59.99,1294,91,4592,362,1203,33.0,0.3191,0.0099,-0.3092,log10,0.0012,1.247038,0.179993,0.148788,0.1782,0.3771,0.1783,-0.1988
Specific Conductance,Random Forest,0.546,136.8345,87.2843,16.94,4617,97,11450,386,4520,1.0,0.8559,0.5501,-0.3058,none,,,97.027378,94.419504,,,,
Total Dissolved Solids,Random Forest,0.5334,85.9018,66.7102,21.32,3902,117,14109,465,3785,28.0,0.8107,0.5348,-0.2758,none,,,64.172597,64.961948,,,,
Total Suspended Solids,Random Forest,0.0243,206.0231,45.6638,75.9,2435,111,12088,442,2324,31.0,-0.9931,0.0405,1.0336,log10,0.196,1.423074,86.00033,67.73433,0.3475,0.1046,0.3562,0.2516
Turbidity,Random Forest,0.0274,86.3598,23.0101,72.99,3581,169,17575,675,3412,29.0,-0.7883,0.0265,0.8148,log10,0.14,1.38665,34.916923,29.534832,0.2963,0.0553,0.3025,0.2472
E. coli,Random Forest,0.0777,9685.3567,1476.1734,101.91,3831,87,12066,347,3744,27.0,-0.7406,0.0773,0.8179,log10,1.5,2.306829,2145.25062,1586.681471,0.3462,-0.1638,0.3454,0.5092
WQI,Random Forest,0.288,14.475,11.849,29.36,4622,189,22676,754,4433,27.0,0.1718,0.2924,0.1206,none,,,12.076496,12.219697,,,,
Water Temperature,Gradient Boosting,0.9402,2.1549,1.6087,22.73,6092,200,28613,799,5892,27.0,0.6403,0.9426,0.3022,none,,,,,,,,
Dissolved Oxygen,Gradient Boosting,0.467,1.9612,1.3982,16.55,6640,182,25185,727,6458,20.0,0.3249,0.4736,0.1487,none,,,1.49049,1.607029,,,,
pH,Gradient Boosting,0.3493,0.5111,0.3701,4.71,5673,222,26680,885,5451,28.0,-0.0605,0.3508,0.4112,none,,,0.392973,0.392111,,,,
Nitrate,Gradient Boosting,0.3925,4.4637,2.7309,106.18,2719,56,9628,222,2663,15.0,0.3984,0.3879,-0.0104,none,,,,,,,,
Nitrite,Gradient Boosting,-0.1453,0.1311,0.047,180.42,2271,46,9340,183,2225,15.0,-0.6899,-0.1442,0.5457,none,,,,,,,,
Nitrate + Nitrite,Gradient Boosting,0.515,3.148,2.1619,68.73,1045,74,3614,293,971,33.0,0.1896,0.4742,0.2846,none,,,2.275805,2.289493,,,,
Total Phosphorus,Gradient Boosting,0.0375,0.4678,0.1739,59.09,1294,91,4592,362,1203,33.0,0.3191,0.0639,-0.2552,log10,0.0012,1.069499,0.193318,0.156701,0.1891,0.3771,0.1887,-0.1884
Specific Conductance,Gradient Boosting,0.2619,174.4763,132.1833,26.97,4617,97,11450,386,4520,1.0,0.8559,0.2402,-0.6157,none,,,91.058401,91.417264,,,,
Total Dissolved Solids,Gradient Boosting,0.4324,94.7455,68.3148,22.24,3902,117,14109,465,3785,28.0,0.8107,0.4287,-0.3819,none,,,62.931064,63.556266,,,,
Total Suspended Solids,Gradient Boosting,0.0664,201.5351,44.4644,72.02,2435,111,12088,442,2324,31.0,-0.9931,0.1037,1.0967,log10,0.196,1.22842,103.861986,69.142904,0.3378,0.1046,0.3403,0.2358
Turbidity,Gradient Boosting,0.0377,85.9014,23.8518,70.62,3581,169,17575,675,3412,29.0,-0.7883,0.0377,0.826,log10,0.14,1.2658,47.487307,28.982286,0.2832,0.0553,0.2889,0.2337
E. coli,Gradient Boosting,0.0629,9762.5847,1488.5883,93.69,3831,87,12066,347,3744,27.0,-0.7406,0.063,0.8035,log10,1.5,1.76567,2228.117205,1582.782832,0.358,-0.1638,0.3567,0.5205
WQI,Gradient Boosting,0.2778,14.579,11.787,29.25,4622,189,22676,754,4433,27.0,0.1718,0.2795,0.1077,none,,,11.941434,12.259528,,,,
Water Temperature,Neural Network,0.9207,2.4827,1.8637,25.79,6092,200,28613,799,5892,27.0,0.6403,0.9229,0.2825,none,,,,,,,,
Dissolved Oxygen,Neural Network,0.452,1.9885,1.4163,16.68,6640,182,25185,727,6458,20.0,0.3249,0.4636,0.1387,none,,,1.682724,2.177835,,,,
pH,Neural Network,0.1621,0.5799,0.4372,5.55,5673,222,26680,885,5451,28.0,-0.0605,0.1652,0.2257,none,,,0.470701,0.56904,,,,
Nitrate,Neural Network,0.2382,4.9987,3.163,111.05,2719,56,9628,222,2663,15.0,0.3984,0.2345,-0.1639,none,,,,,,,,
Nitrite,Neural Network,-0.1864,0.1334,0.0564,186.91,2271,46,9340,183,2225,15.0,-0.6899,-0.1764,0.5135,none,,,,,,,,
Nitrate + Nitrite,Neural Network,0.3261,3.7106,2.6391,74.99,1045,74,3614,293,971,33.0,0.1896,0.2859,0.0963,none,,,2.643967,3.095507,,,,
Total Phosphorus,Neural Network,0.0202,0.472,0.1875,63.9,1294,91,4592,362,1203,33.0,0.3191,0.016,-0.3032,log10,0.0012,1.427744,0.220852,0.172265,0.0987,0.3771,0.0931,-0.284
Specific Conductance,Neural Network,0.0203,201.0129,134.1641,26.08,4617,97,11450,386,4520,1.0,0.8559,0.0119,-0.844,none,,,132.66612,235.617721,,,,
Total Dissolved Solids,Neural Network,0.4249,95.3661,75.8143,24.68,3902,117,14109,465,3785,28.0,0.8107,0.4236,-0.3871,none,,,76.769596,126.538167,,,,
Total Suspended Solids,Neural Network,0.0652,201.6583,72.7495,104.97,2435,111,12088,442,2324,31.0,-0.9931,0.0514,1.0445,none,,,98.776554,110.828552,,,,
Turbidity,Neural Network,0.0575,85.0123,26.1877,79.79,3581,169,17575,675,3412,29.0,-0.7883,0.059,0.8473,log10,0.14,1.692954,38.415573,32.965485,0.2245,0.0553,0.2323,0.177
E. coli,Neural Network,0.0256,9954.7329,2273.3008,132.17,3831,87,12066,347,3744,27.0,-0.7406,0.0262,0.7667,none,,,2511.031946,2671.646412,,,,
WQI,Neural Network,0.1056,16.2235,13.2849,32.52,4622,189,22676,754,4433,27.0,0.1718,0.1101,-0.0617,none,,,12.943231,16.445987,,,,
